player_id,created_at,total_spendings,food,alcohol,restaurants,rent,gas,oil,power,fuel,car,pubTrans,leisure,travel,clothing,teleCom,elecDev,bodyCare,health,tobacco,remainder,identifier,top_cat_1,top_cat_2,top_cat_3,version,persInfl,created_at_ws
4217cf2e-ee0b-4040-858e-9cd1c7298ce5,2022-11-06 06:36:51,150.0,2.0,0.0,0.0,0.0,0.0,0.0,4.0,0.0,4.0,2.0,0.0,2.0,2.0,0.0,0.0,Submit,not defined,not defined,not defined,old,16.8,1667716613572.0,,,,
4217cf2e-ee0b-4040-858e-9cd1c7298ce5,2022-11-06 06:33:03,0.0,0.0,0.0,0.0,0.0,0.0,0.0,0.0,0.0,0.0,0.0,0.0,0.0,0.0,0.0,0.0,Begin,undefined,undefined,undefined,old,0.0,1667716386338.0,,,,
fb410a88-3e13-4f9c-b9f5-0661aea03815,2022-11-06 07:27:34,0.0,0.0,0.0,0.0,0.0,0.0,0.0,0.0,0.0,0.0,0.0,0.0,0.0,0.0,0.0,0.0,Begin,undefined,undefined,undefined,old,0.0,1667719654411.0,,,,
fb410a88-3e13-4f9c-b9f5-0661aea03815,2022-11-06 07:33:13,0.0,0.0,0.0,0.0,0.0,0.0,0.0,0.0,0.0,0.0,0.0,0.0,0.0,0.0,0.0,0.0,Begin,undefined,undefined,undefined,old,0.0,1667719992951.0,,,,
fb410a88-3e13-4f9c-b9f5-0661aea03815,2022-11-06 07:34:54,400.0,0.0,100.0,1200.0,0.0,150.0,10.0,100.0,0.0,100.0,40.0,20.0,20.0,20.0,0.0,0.0,Submit,not defined,not defined,not defined,old,10.0,1667720094373.0,,,,
fb410a88-3e13-4f9c-b9f5-0661aea03815,2022-11-06 07:34:36,400.0,0.0,100.0,1200.0,0.0,150.0,10.0,100.0,0.0,100.0,40.0,20.0,20.0,20.0,0.0,0.0,Submit,not defined,not defined,not defined,old,10.0,1667720076003.0,,,,
4eba96a6-6317-4271-b829-ec2f525a5636,2022-11-05 18:46:21,0.0,0.0,0.0,0.0,0.0,0.0,0.0,0.0,0.0,0.0,0.0,0.0,0.0,0.0,0.0,0.0,Begin,undefined,undefined,undefined,old,0.0,1667673980659.0,,,,
4eba96a6-6317-4271-b829-ec2f525a5636,2022-11-05 18:48:30,600.0,0.0,20.0,950.0,0.0,40.0,0.0,20.0,0.0,20.0,25.0,20.0,0.0,0.0,0.0,0.0,Submit,not defined,not defined,not defined,old,8.2,1667674109543.0,,,,
214e63aa-c552-43be-9050-1b0af4f5e2f7,2022-11-05 13:14:08,0.0,0.0,0.0,0.0,0.0,0.0,0.0,0.0,0.0,0.0,0.0,0.0,0.0,0.0,0.0,0.0,Begin,undefined,undefined,undefined,old,0.0,1667654048211.0,,,,
214e63aa-c552-43be-9050-1b0af4f5e2f7,2022-11-06 05:54:57,0.0,0.0,0.0,0.0,0.0,0.0,0.0,0.0,0.0,0.0,0.0,0.0,0.0,0.0,0.0,0.0,Begin,undefined,undefined,undefined,old,0.0,1667714098460.0,,,,
214e63aa-c552-43be-9050-1b0af4f5e2f7,2022-11-05 13:18:07,400.0,0.0,20.0,600.0,0.0,0.0,60.0,30.0,0.0,40.0,30.0,20.0,10.0,10.0,0.0,0.0,Submit,not defined,not defined,not defined,old,9.4,1667654287409.0,,,,
214e63aa-c552-43be-9050-1b0af4f5e2f7,2022-11-06 05:56:16,400.0,0.0,10.0,600.0,0.0,0.0,50.0,30.0,0.0,30.0,30.0,10.0,10.0,20.0,0.0,0.0,Submit,not defined,not defined,not defined,old,9.4,1667714176967.0,,,,
214e63aa-c552-43be-9050-1b0af4f5e2f7,2022-11-05 13:18:30,0.0,0.0,0.0,0.0,0.0,0.0,0.0,0.0,0.0,0.0,0.0,0.0,0.0,0.0,0.0,0.0,Begin,undefined,undefined,undefined,old,0.0,1667654310253.0,,,,
a55e1c88-3565-4a6a-b36a-d008e977bdc6,2022-11-05 17:01:45,0.0,0.0,0.0,0.0,0.0,0.0,0.0,0.0,0.0,0.0,0.0,0.0,0.0,0.0,0.0,0.0,Begin,undefined,undefined,undefined,old,0.0,1667667705194.0,,,,
a55e1c88-3565-4a6a-b36a-d008e977bdc6,2022-11-05 17:03:29,300.0,0.0,0.0,560.0,0.0,0.0,0.0,0.0,0.0,0.0,0.0,0.0,0.0,0.0,0.0,0.0,Submit,not defined,not defined,not defined,old,8.1,1667667808947.0,,,,
a55e1c88-3565-4a6a-b36a-d008e977bdc6,2022-11-05 17:04:23,300.0,0.0,0.0,560.0,0.0,0.0,0.0,0.0,0.0,100.0,65.0,200.0,60.0,120.0,0.0,0.0,Submit,not defined,not defined,not defined,old,7.5,1667667863091.0,,,,
1821553d-c112-4c1f-bbaf-41a06de6ce27,2022-11-04 10:04:26,0.0,0.0,0.0,0.0,0.0,0.0,0.0,0.0,0.0,0.0,0.0,0.0,0.0,0.0,0.0,0.0,Begin,undefined,undefined,undefined,old,0.0,1667556265667.0,,,,
1821553d-c112-4c1f-bbaf-41a06de6ce27,2022-11-04 10:07:39,350.0,15.0,50.0,500.0,0.0,47.0,0.0,40.0,0.0,30.0,38.0,15.0,10.0,60.0,0.0,0.0,Submit,not defined,not defined,not defined,old,9.8,1667556458682.0,,,,
4e94f2bf-d04f-4ea9-bb72-3ad53dc18560,2022-11-06 09:37:25,0.0,0.0,0.0,0.0,0.0,0.0,0.0,0.0,0.0,0.0,0.0,0.0,0.0,0.0,0.0,0.0,Begin,undefined,undefined,undefined,old,0.0,1667727445477.0,,,,
4e94f2bf-d04f-4ea9-bb72-3ad53dc18560,2022-11-06 09:43:42,200.0,10.0,10.0,500.0,0.0,150.0,0.0,80.0,0.0,10.0,12.0,0.0,5.0,50.0,0.0,0.0,Submit,not defined,not defined,not defined,old,13.6,1667727822686.0,,,,
73856b59-eeee-4c37-b3d5-059a3aea61a2,2022-11-04 11:37:15,0.0,0.0,0.0,0.0,0.0,0.0,0.0,0.0,0.0,0.0,0.0,0.0,0.0,0.0,0.0,0.0,Begin,undefined,undefined,undefined,old,0.0,1667561829676.0,,,,
73856b59-eeee-4c37-b3d5-059a3aea61a2,2022-11-04 11:41:26,150.0,0.0,20.0,210.0,0.0,0.0,20.0,20.0,0.0,50.0,30.0,0.0,10.0,20.0,0.0,0.0,Submit,not defined,not defined,not defined,old,8.2,1667562080775.0,,,,
2ef62ea9-4f55-46a0-81d6-101e68593414,2022-11-04 10:51:53,0.0,0.0,0.0,0.0,0.0,0.0,0.0,0.0,0.0,0.0,0.0,0.0,0.0,0.0,0.0,0.0,Begin,undefined,undefined,undefined,old,0.0,1667559115022.0,,,,
2ef62ea9-4f55-46a0-81d6-101e68593414,2022-11-04 10:55:00,150.0,5.0,30.0,0.0,0.0,0.0,0.0,10.0,0.0,20.0,10.0,0.0,10.0,8.0,0.0,0.0,Submit,not defined,not defined,not defined,old,12.0,1667559301574.0,,,,
157b067e-91db-436b-824b-38c79dafb5bb,2022-11-04 11:33:26,0.0,0.0,0.0,0.0,0.0,0.0,0.0,0.0,0.0,0.0,0.0,0.0,0.0,0.0,0.0,0.0,Begin,undefined,undefined,undefined,old,0.0,1667561605987.0,,,,
61d267e4-110b-42cf-b591-82354373d9ed,2022-11-04 10:17:50,0.0,0.0,0.0,0.0,0.0,0.0,0.0,0.0,0.0,0.0,0.0,0.0,0.0,0.0,0.0,0.0,Begin,undefined,undefined,undefined,old,0.0,1667557071627.0,,,,
61d267e4-110b-42cf-b591-82354373d9ed,2022-11-04 10:22:28,180.0,10.0,0.0,190.0,0.0,40.0,0.0,0.0,0.0,20.0,35.0,0.0,15.0,15.0,0.0,0.0,Submit,not defined,not defined,not defined,old,12.6,1667557349415.0,,,,
0bc1b7bb-e712-4d47-983e-387bc0084691,2022-11-05 22:43:44,100.0,10.0,30.0,0.0,0.0,0.0,0.0,0.0,0.0,0.0,0.0,0.0,0.0,0.0,0.0,0.0,Submit,not defined,not defined,not defined,old,13.1,1667688224664.0,,,,
0bc1b7bb-e712-4d47-983e-387bc0084691,2022-11-05 22:43:29,100.0,10.0,30.0,0.0,0.0,0.0,0.0,0.0,0.0,0.0,0.0,0.0,0.0,0.0,0.0,0.0,Submit,not defined,not defined,not defined,old,13.1,1667688208891.0,,,,
0bc1b7bb-e712-4d47-983e-387bc0084691,2022-11-05 22:41:46,0.0,0.0,0.0,0.0,0.0,0.0,0.0,0.0,0.0,0.0,0.0,0.0,0.0,0.0,0.0,0.0,Begin,undefined,undefined,undefined,old,0.0,1667688106912.0,,,,
a0f3debc-9d94-40ac-87d3-b2889c1eef09,2022-11-05 10:27:50,0.0,0.0,0.0,0.0,0.0,0.0,0.0,0.0,0.0,0.0,0.0,0.0,0.0,0.0,0.0,0.0,Begin,undefined,undefined,undefined,old,0.0,1667644070236.0,,,,
a0f3debc-9d94-40ac-87d3-b2889c1eef09,2022-11-05 10:29:00,0.0,0.0,0.0,0.0,0.0,0.0,0.0,0.0,0.0,0.0,0.0,0.0,0.0,0.0,0.0,0.0,Submit,not defined,not defined,not defined,old,6.2,1667644140362.0,,,,
c3014be1-6d98-48e8-b207-b59a010fdf2b,2022-11-04 10:07:39,0.0,0.0,0.0,0.0,0.0,0.0,0.0,0.0,0.0,0.0,0.0,0.0,0.0,0.0,0.0,0.0,Begin,undefined,undefined,undefined,old,0.0,1667556460464.0,,,,
c3014be1-6d98-48e8-b207-b59a010fdf2b,2022-11-04 10:03:40,0.0,0.0,0.0,0.0,0.0,0.0,0.0,0.0,0.0,0.0,0.0,0.0,0.0,0.0,0.0,0.0,Begin,undefined,undefined,undefined,old,0.0,1667556220833.0,,,,
9955c6ee-e293-4aa8-a96d-6bbf74063a42,2022-11-04 22:08:53,0.0,0.0,0.0,0.0,0.0,0.0,0.0,0.0,0.0,0.0,0.0,0.0,0.0,0.0,0.0,0.0,Begin,undefined,undefined,undefined,old,0.0,1667599734123.0,,,,
f7b68044-36eb-4548-acf6-dc3c8f907c8d,2022-11-04 18:53:06,0.0,0.0,0.0,0.0,0.0,0.0,0.0,0.0,0.0,0.0,0.0,0.0,0.0,0.0,0.0,0.0,Begin,undefined,undefined,undefined,old,0.0,1667587985363.0,,,,
e9aeba4e-ce3d-4395-bfa2-c15a9cab5bf2,2022-11-04 23:41:35,0.0,0.0,0.0,0.0,0.0,0.0,0.0,0.0,0.0,0.0,0.0,0.0,0.0,0.0,0.0,0.0,Begin,undefined,undefined,undefined,old,0.0,1667605295307.0,,,,
2228430a-6a7c-4a06-9d47-61b92d1c1f32,2022-11-05 06:10:19,0.0,0.0,0.0,0.0,0.0,0.0,0.0,0.0,0.0,0.0,0.0,0.0,0.0,0.0,0.0,0.0,Begin,undefined,undefined,undefined,old,0.0,1667628619865.0,,,,
2228430a-6a7c-4a06-9d47-61b92d1c1f32,2022-11-05 06:12:39,800.0,0.0,50.0,0.0,0.0,0.0,0.0,150.0,0.0,100.0,50.0,0.0,0.0,0.0,0.0,0.0,Submit,not defined,not defined,not defined,old,12.7,1667628759738.0,,,,
175c6cab-5205-40ee-b617-8033a6c318a2,2022-11-04 12:21:54,100.0,0.0,0.0,0.0,0.0,50.0,40.0,0.0,0.0,20.0,0.0,0.0,5.0,10.0,0.0,0.0,Submit,not defined,not defined,not defined,old,22.6,1667564513671.0,,,,
175c6cab-5205-40ee-b617-8033a6c318a2,2022-11-04 12:19:33,0.0,0.0,0.0,0.0,0.0,0.0,0.0,0.0,0.0,0.0,0.0,0.0,0.0,0.0,0.0,0.0,Begin,undefined,undefined,undefined,old,0.0,1667564372784.0,,,,
e762c7f2-7abf-4627-8647-dc749e9ac3be,2022-11-06 07:53:50,100.0,50.0,150.0,500.0,0.0,0.0,100.0,100.0,100.0,45.0,0.0,0.0,0.0,0.0,0.0,0.0,Submit,not defined,not defined,not defined,old,7.5,1667721230517.0,,,,
e762c7f2-7abf-4627-8647-dc749e9ac3be,2022-11-06 07:51:46,0.0,0.0,0.0,0.0,0.0,0.0,0.0,0.0,0.0,0.0,0.0,0.0,0.0,0.0,0.0,0.0,Begin,undefined,undefined,undefined,old,0.0,1667721106877.0,,,,
bceaf3b7-b8f5-4d83-978b-54b1cc4ec189,2022-11-05 19:32:15,100.0,30.0,30.0,300.0,0.0,70.0,10.0,30.0,0.0,10.0,40.0,0.0,10.0,10.0,30.0,0.0,Submit,not defined,not defined,not defined,old,16.4,1667676735830.0,,,,
bceaf3b7-b8f5-4d83-978b-54b1cc4ec189,2022-11-05 19:30:50,0.0,0.0,0.0,0.0,0.0,0.0,0.0,0.0,0.0,0.0,0.0,0.0,0.0,0.0,0.0,0.0,Begin,undefined,undefined,undefined,old,0.0,1667676651297.0,,,,
37344b80-1e3d-41a5-9885-6ef2e1485b4b,2022-11-03 22:07:30,0.0,0.0,0.0,0.0,0.0,0.0,0.0,0.0,0.0,0.0,0.0,0.0,0.0,0.0,0.0,0.0,Begin,undefined,undefined,undefined,old,0.0,1667513249880.0,,,,
c0bd38cd-c3c7-43d2-9f0d-5cd4d95878ce,2022-11-04 10:18:52,250.0,50.0,70.0,500.0,10.0,180.0,5.0,70.0,20.0,0.0,0.0,0.0,0.0,0.0,0.0,0.0,Submit,not defined,not defined,not defined,old,15.6,1667557132500.0,,,,
c0bd38cd-c3c7-43d2-9f0d-5cd4d95878ce,2022-11-04 10:19:33,250.0,50.0,70.0,500.0,10.0,180.0,5.0,70.0,20.0,0.0,0.0,0.0,0.0,0.0,0.0,0.0,Submit,not defined,not defined,not defined,old,15.6,1667557173510.0,,,,
c0bd38cd-c3c7-43d2-9f0d-5cd4d95878ce,2022-11-04 10:17:39,0.0,0.0,0.0,0.0,0.0,0.0,0.0,0.0,0.0,0.0,0.0,0.0,0.0,0.0,0.0,0.0,Begin,undefined,undefined,undefined,old,0.0,1667557059722.0,,,,
3493a992-a41b-46a4-8c1a-a61a2e52e7e8,2022-11-04 12:50:21,0.0,0.0,0.0,0.0,0.0,0.0,0.0,0.0,0.0,0.0,0.0,0.0,0.0,0.0,0.0,0.0,Begin,undefined,undefined,undefined,old,0.0,1667566221789.0,,,,
a777a54d-4c30-437c-a058-1f97d5d0a4d5,2022-11-04 11:24:29,400.0,0.0,50.0,560.0,0.0,0.0,0.0,0.0,0.0,0.0,0.0,0.0,0.0,0.0,0.0,0.0,Submit,not defined,not defined,not defined,old,9.1,1667561067539.0,,,,
a777a54d-4c30-437c-a058-1f97d5d0a4d5,2022-11-04 11:23:25,0.0,0.0,0.0,0.0,0.0,0.0,0.0,0.0,0.0,0.0,0.0,0.0,0.0,0.0,0.0,0.0,Begin,undefined,undefined,undefined,old,0.0,1667561003890.0,,,,
a777a54d-4c30-437c-a058-1f97d5d0a4d5,2022-11-04 11:22:09,0.0,0.0,0.0,0.0,0.0,0.0,0.0,0.0,0.0,0.0,0.0,0.0,0.0,0.0,0.0,0.0,Begin,undefined,undefined,undefined,old,0.0,1667560927262.0,,,,
d44d0aef-308c-4ac0-a9a0-72281357136b,2022-11-04 10:46:36,0.0,0.0,0.0,0.0,0.0,0.0,0.0,0.0,0.0,0.0,0.0,0.0,0.0,0.0,0.0,0.0,Begin,undefined,undefined,undefined,old,0.0,1667558796880.0,,,,
d44d0aef-308c-4ac0-a9a0-72281357136b,2022-11-04 10:48:34,500.0,80.0,80.0,800.0,0.0,50.0,60.0,100.0,0.0,150.0,50.0,20.0,20.0,10.0,0.0,0.0,Submit,not defined,not defined,not defined,old,8.5,1667558914197.0,,,,
d44d0aef-308c-4ac0-a9a0-72281357136b,2022-11-04 10:47:49,500.0,80.0,80.0,800.0,0.0,50.0,0.0,0.0,0.0,0.0,0.0,0.0,0.0,0.0,0.0,0.0,Submit,not defined,not defined,not defined,old,9.0,1667558869931.0,,,,
960ab8ff-0d7c-47db-bda4-55358b92e881,2022-11-05 21:48:28,200.0,0.0,25.0,275.0,0.0,30.0,36.0,25.0,0.0,50.0,18.0,10.0,25.0,15.0,0.0,0.0,Submit,not defined,not defined,not defined,old,12.1,1667684907900.0,,,,
960ab8ff-0d7c-47db-bda4-55358b92e881,2022-11-05 21:45:29,0.0,0.0,0.0,0.0,0.0,0.0,0.0,0.0,0.0,0.0,0.0,0.0,0.0,0.0,0.0,0.0,Begin,undefined,undefined,undefined,old,0.0,1667684728502.0,,,,
960ab8ff-0d7c-47db-bda4-55358b92e881,2022-11-05 21:48:49,200.0,0.0,25.0,275.0,0.0,30.0,36.0,25.0,0.0,50.0,18.0,10.0,25.0,15.0,0.0,0.0,Submit,not defined,not defined,not defined,old,12.1,1667684928651.0,,,,
d080e543-9b62-4a8b-88e5-9bd1095cf937,2022-11-05 00:50:14,150.0,0.0,50.0,700.0,0.0,0.0,60.0,50.0,50.0,40.0,30.0,40.0,10.0,40.0,0.0,0.0,Submit,not defined,not defined,not defined,old,12.0,1667609414486.0,,,,
d080e543-9b62-4a8b-88e5-9bd1095cf937,2022-11-05 00:50:43,0.0,0.0,0.0,0.0,0.0,0.0,0.0,0.0,0.0,0.0,0.0,0.0,0.0,0.0,0.0,0.0,Begin,undefined,undefined,undefined,old,0.0,1667609443901.0,,,,
d080e543-9b62-4a8b-88e5-9bd1095cf937,2022-11-05 00:51:00,150.0,0.0,50.0,700.0,0.0,0.0,60.0,50.0,50.0,40.0,30.0,40.0,10.0,40.0,0.0,0.0,Submit,not defined,not defined,not defined,old,12.0,1667609460631.0,,,,
d080e543-9b62-4a8b-88e5-9bd1095cf937,2022-11-05 00:45:35,0.0,0.0,0.0,0.0,0.0,0.0,0.0,0.0,0.0,0.0,0.0,0.0,0.0,0.0,0.0,0.0,Begin,undefined,undefined,undefined,old,0.0,1667609135777.0,,,,
18558c59-f3c9-49e7-bce5-b2f95c9d92aa,2022-11-04 12:08:18,0.0,0.0,0.0,0.0,0.0,0.0,0.0,0.0,0.0,0.0,0.0,0.0,0.0,0.0,0.0,0.0,Begin,undefined,undefined,undefined,old,0.0,1667563702290.0,,,,
18558c59-f3c9-49e7-bce5-b2f95c9d92aa,2022-11-04 12:10:06,20.0,20.0,20.0,0.0,0.0,0.0,25.0,15.0,50.0,0.0,0.0,5.0,5.0,15.0,20.0,0.0,Submit,not defined,not defined,not defined,old,7.4,1667563810116.0,,,,
689e4e50-63ce-40cd-bee1-3c6f76726e46,2022-11-04 11:08:42,0.0,0.0,0.0,0.0,0.0,0.0,0.0,0.0,0.0,0.0,0.0,0.0,0.0,0.0,0.0,0.0,Begin,undefined,undefined,undefined,old,0.0,1667560124006.0,,,,
689e4e50-63ce-40cd-bee1-3c6f76726e46,2022-11-04 11:13:45,200.0,50.0,20.0,236.0,0.0,20.0,0.0,20.0,0.0,200.0,40.0,10.0,10.0,10.0,160.0,0.0,Submit,not defined,not defined,not defined,old,8.3,1667560426950.0,,,,
ba0dd0e4-9976-48ea-90a8-0340007737ff,2022-11-04 19:24:03,150.0,20.0,20.0,0.0,100.0,0.0,0.0,20.0,0.0,50.0,40.0,100.0,20.0,30.0,0.0,0.0,Submit,not defined,not defined,not defined,old,9.5,1667589843713.0,,,,
ba0dd0e4-9976-48ea-90a8-0340007737ff,2022-11-04 19:22:22,0.0,0.0,0.0,0.0,0.0,0.0,0.0,0.0,0.0,0.0,0.0,0.0,0.0,0.0,0.0,0.0,Begin,undefined,undefined,undefined,old,0.0,1667589742848.0,,,,
d6ddb03c-5434-414e-baa0-67f47ac80e6b,2022-11-04 10:12:14,50.0,10.0,0.0,0.0,0.0,0.0,0.0,0.0,0.0,0.0,42.0,0.0,5.0,0.0,0.0,0.0,Submit,not defined,not defined,not defined,old,47.8,1667556736619.0,,,,
d6ddb03c-5434-414e-baa0-67f47ac80e6b,2022-11-04 10:10:12,0.0,0.0,0.0,0.0,0.0,0.0,0.0,0.0,0.0,0.0,0.0,0.0,0.0,0.0,0.0,0.0,Begin,undefined,undefined,undefined,old,0.0,1667556614684.0,,,,
a07f0c84-dd14-4e06-9a66-81f8f7d1a91d,2022-11-04 10:54:12,0.0,0.0,0.0,0.0,0.0,0.0,0.0,0.0,0.0,0.0,0.0,0.0,0.0,0.0,0.0,0.0,Begin,undefined,undefined,undefined,old,0.0,1667559251825.0,,,,
a07f0c84-dd14-4e06-9a66-81f8f7d1a91d,2022-11-04 10:59:05,300.0,5.0,50.0,500.0,0.0,0.0,20.0,50.0,20.0,50.0,20.0,20.0,25.0,20.0,0.0,0.0,Submit,not defined,not defined,not defined,old,10.9,1667559544621.0,,,,
4c355dcf-ea96-47a0-931c-7f288294f272,2022-11-04 11:06:15,0.0,0.0,0.0,0.0,0.0,0.0,0.0,0.0,0.0,0.0,0.0,0.0,0.0,0.0,0.0,0.0,Begin,undefined,undefined,undefined,old,0.0,1667559975669.0,,,,
4c355dcf-ea96-47a0-931c-7f288294f272,2022-11-04 11:08:15,200.0,0.0,0.0,700.0,0.0,0.0,30.0,50.0,0.0,25.0,25.0,0.0,10.0,0.0,200.0,0.0,Submit,not defined,not defined,not defined,old,6.0,1667560095067.0,,,,
895fa25f-3502-4d64-bb68-d430aa3898c8,2022-11-04 20:13:34,400.0,19.0,40.0,76.0,0.0,6.0,40.0,30.0,0.0,30.0,25.0,15.0,15.0,31.0,0.0,0.0,Submit,not defined,not defined,not defined,old,11.2,1667592812037.0,,,,
895fa25f-3502-4d64-bb68-d430aa3898c8,2022-11-04 20:10:37,0.0,0.0,0.0,0.0,0.0,0.0,0.0,0.0,0.0,0.0,0.0,0.0,0.0,0.0,0.0,0.0,Begin,undefined,undefined,undefined,old,0.0,1667592634903.0,,,,
6e48393d-9e63-4758-ab9e-3b33b1f73ec1,2022-11-04 12:27:32,120.0,0.0,30.0,350.0,0.0,25.0,10.0,10.0,5.0,25.0,6.0,0.0,5.0,20.0,0.0,0.0,Submit,not defined,not defined,not defined,old,8.5,1667564852611.0,,,,
6e48393d-9e63-4758-ab9e-3b33b1f73ec1,2022-11-04 12:26:15,0.0,0.0,0.0,0.0,0.0,0.0,0.0,0.0,0.0,0.0,0.0,0.0,0.0,0.0,0.0,0.0,Begin,undefined,undefined,undefined,old,0.0,1667564776120.0,,,,
55942e6c-a7a1-4ae3-8a3d-35853ec84f6a,2022-11-05 23:52:35,0.0,0.0,0.0,0.0,0.0,0.0,0.0,0.0,0.0,0.0,0.0,0.0,0.0,0.0,0.0,0.0,Begin,undefined,undefined,undefined,old,0.0,1667692355051.0,,,,
824be0f4-1e7b-4542-8d39-d3aec9282f05,2022-11-04 16:54:08,0.0,0.0,0.0,0.0,0.0,0.0,0.0,0.0,0.0,0.0,0.0,0.0,0.0,0.0,0.0,0.0,Begin,undefined,undefined,undefined,old,0.0,1667580847940.0,,,,
b24a6056-79f9-427f-bd4a-c58481ab214a,2022-11-04 18:45:08,300.0,0.0,48.0,386.0,0.0,0.0,69.0,95.0,56.0,100.0,60.0,73.0,20.0,78.0,0.0,0.0,Submit,not defined,not defined,not defined,old,7.5,1667587508289.0,,,,
b24a6056-79f9-427f-bd4a-c58481ab214a,2022-11-04 18:38:25,0.0,0.0,0.0,0.0,0.0,0.0,0.0,0.0,0.0,0.0,0.0,0.0,0.0,0.0,0.0,0.0,Begin,undefined,undefined,undefined,old,0.0,1667587105990.0,,,,
29a77f14-90a4-492a-8985-ec4d06401ddd,2022-11-04 09:39:15,0.0,0.0,0.0,0.0,0.0,0.0,0.0,0.0,0.0,0.0,0.0,0.0,0.0,0.0,0.0,0.0,Begin,undefined,undefined,undefined,old,0.0,1667554755508.0,,,,
0dd3b1f8-dc80-419a-a248-9b77469d0a6b,2022-11-04 12:43:58,0.0,0.0,0.0,0.0,0.0,0.0,0.0,0.0,0.0,0.0,0.0,0.0,0.0,0.0,0.0,0.0,Begin,undefined,undefined,undefined,old,0.0,1667565838264.0,,,,
f4b04167-c019-4552-92cc-f6d357ba459a,2022-11-04 10:01:09,0.0,0.0,0.0,0.0,0.0,0.0,0.0,0.0,0.0,0.0,0.0,0.0,0.0,0.0,0.0,0.0,Begin,undefined,undefined,undefined,old,0.0,1667556070785.0,,,,
f4b04167-c019-4552-92cc-f6d357ba459a,2022-11-04 10:12:40,0.0,0.0,0.0,0.0,0.0,0.0,0.0,0.0,0.0,0.0,0.0,0.0,0.0,0.0,0.0,0.0,Begin,undefined,undefined,undefined,old,0.0,1667556761472.0,,,,
f4b04167-c019-4552-92cc-f6d357ba459a,2022-11-04 10:17:16,0.0,0.0,0.0,0.0,0.0,0.0,0.0,0.0,0.0,0.0,0.0,0.0,0.0,0.0,0.0,0.0,Begin,undefined,undefined,undefined,old,0.0,1667557037512.0,,,,
f4b04167-c019-4552-92cc-f6d357ba459a,2022-11-04 10:07:25,0.0,0.0,0.0,0.0,0.0,0.0,0.0,0.0,0.0,0.0,0.0,0.0,0.0,0.0,0.0,0.0,Begin,undefined,undefined,undefined,old,0.0,1667556446170.0,,,,
2f3a0b4e-7213-41b9-8341-e7db50dae5de,2022-11-04 11:57:28,0.0,0.0,0.0,0.0,0.0,0.0,0.0,0.0,0.0,0.0,0.0,0.0,0.0,0.0,0.0,0.0,Begin,undefined,undefined,undefined,old,0.0,1667563053478.0,,,,
2f3a0b4e-7213-41b9-8341-e7db50dae5de,2022-11-04 12:02:43,700.0,30.0,200.0,1000.0,0.0,200.0,0.0,300.0,0.0,0.0,0.0,0.0,50.0,0.0,0.0,0.0,Submit,not defined,not defined,not defined,old,13.3,1667563368185.0,,,,
5b920746-ba99-4a52-adec-a88e457403df,2022-11-04 10:29:00,0.0,0.0,0.0,0.0,0.0,0.0,0.0,0.0,0.0,0.0,0.0,0.0,0.0,0.0,0.0,0.0,Begin,undefined,undefined,undefined,old,0.0,1667557740695.0,,,,
5b920746-ba99-4a52-adec-a88e457403df,2022-11-04 10:31:55,200.0,10.0,50.0,250.0,0.0,30.0,15.0,30.0,0.0,50.0,25.0,0.0,15.0,15.0,50.0,0.0,Submit,not defined,not defined,not defined,old,9.7,1667557915253.0,,,,
b6350e71-3dea-4921-b94e-1a21c1cf02a5,2022-11-05 17:46:53,0.0,0.0,0.0,0.0,0.0,0.0,0.0,0.0,0.0,0.0,0.0,0.0,0.0,0.0,0.0,0.0,Begin,undefined,undefined,undefined,old,0.0,1667670413819.0,,,,
b6350e71-3dea-4921-b94e-1a21c1cf02a5,2022-11-05 17:49:08,200.0,0.0,0.0,300.0,0.0,0.0,60.0,0.0,0.0,40.0,0.0,0.0,20.0,10.0,0.0,0.0,Submit,not defined,not defined,not defined,old,7.6,1667670548573.0,,,,
a79d3a19-55a8-43ee-8887-51aaf917a370,2022-11-05 15:26:03,600.0,20.0,100.0,450.0,240.0,0.0,0.0,150.0,0.0,50.0,20.0,50.0,0.0,0.0,1.0,0.0,Submit,not defined,not defined,not defined,old,14.5,1667661963418.0,,,,
a79d3a19-55a8-43ee-8887-51aaf917a370,2022-11-05 15:23:00,0.0,0.0,0.0,0.0,0.0,0.0,0.0,0.0,0.0,0.0,0.0,0.0,0.0,0.0,0.0,0.0,Begin,undefined,undefined,undefined,old,0.0,1667661780313.0,,,,
9fa7b607-0523-475d-b12f-f5f416134611,2022-11-04 10:48:42,0.0,0.0,0.0,0.0,0.0,0.0,0.0,0.0,0.0,0.0,0.0,0.0,0.0,0.0,0.0,0.0,Begin,undefined,undefined,undefined,old,0.0,1667558922863.0,,,,
9fa7b607-0523-475d-b12f-f5f416134611,2022-11-04 10:51:42,300.0,50.0,100.0,150.0,0.0,50.0,20.0,100.0,0.0,10.0,15.0,10.0,10.0,20.0,0.0,0.0,Submit,not defined,not defined,not defined,old,15.3,1667559102755.0,,,,
9cb5b053-9810-48e9-bf17-170e9e0efc7f,2022-11-05 20:33:28,0.0,0.0,0.0,0.0,0.0,0.0,0.0,0.0,0.0,0.0,0.0,0.0,0.0,0.0,0.0,0.0,Begin,undefined,undefined,undefined,old,0.0,1667680432308.0,,,,
9cb5b053-9810-48e9-bf17-170e9e0efc7f,2022-11-05 20:37:55,275.0,0.0,25.0,360.0,0.0,15.0,92.0,50.0,0.0,50.0,19.0,0.0,5.0,0.0,0.0,0.0,Submit,not defined,not defined,not defined,old,8.9,1667680699265.0,,,,
73ad88bb-7939-4a46-b947-9545243a4d4f,2022-11-04 10:34:41,100.0,10.0,0.0,0.0,0.0,0.0,0.0,10.0,0.0,20.0,40.0,0.0,5.0,0.0,0.0,0.0,Submit,not defined,not defined,not defined,old,15.0,1667558081368.0,,,,
73ad88bb-7939-4a46-b947-9545243a4d4f,2022-11-04 10:34:56,100.0,10.0,0.0,0.0,0.0,0.0,0.0,10.0,0.0,20.0,40.0,0.0,5.0,0.0,0.0,0.0,Submit,not defined,not defined,not defined,old,15.0,1667558096076.0,,,,
73ad88bb-7939-4a46-b947-9545243a4d4f,2022-11-04 10:32:04,0.0,0.0,0.0,0.0,0.0,0.0,0.0,0.0,0.0,0.0,0.0,0.0,0.0,0.0,0.0,0.0,Begin,undefined,undefined,undefined,old,0.0,1667557924703.0,,,,
4ab8d230-ded9-4ab9-9650-81010157e960,2022-11-05 12:40:19,110.0,0.0,0.0,150.0,0.0,0.0,0.0,20.0,0.0,0.0,15.0,20.0,5.0,0.0,0.0,0.0,Submit,not defined,not defined,not defined,old,13.0,1667652017136.0,,,,
4ab8d230-ded9-4ab9-9650-81010157e960,2022-11-05 12:36:39,0.0,0.0,0.0,0.0,0.0,0.0,0.0,0.0,0.0,0.0,0.0,0.0,0.0,0.0,0.0,0.0,Begin,undefined,undefined,undefined,old,0.0,1667651799121.0,,,,
fd73007f-39cc-444a-9162-6d74a33ac987,2022-11-04 18:51:57,0.0,0.0,0.0,0.0,0.0,0.0,0.0,0.0,0.0,0.0,0.0,0.0,0.0,0.0,0.0,0.0,Begin,undefined,undefined,undefined,old,0.0,1667587917461.0,,,,
fd73007f-39cc-444a-9162-6d74a33ac987,2022-11-04 18:55:23,150.0,0.0,0.0,350.0,0.0,84.0,0.0,50.0,0.0,10.0,40.0,10.0,20.0,0.0,0.0,0.0,Submit,not defined,not defined,not defined,old,11.0,1667588123652.0,,,,
8346cf2b-a89b-42a2-9e09-c5968de5d70d,2022-11-05 13:40:09,0.0,0.0,0.0,0.0,0.0,0.0,0.0,0.0,0.0,0.0,0.0,0.0,0.0,0.0,0.0,0.0,Begin,undefined,undefined,undefined,old,0.0,1667655613716.0,,,,
8346cf2b-a89b-42a2-9e09-c5968de5d70d,2022-11-05 13:43:05,150.0,50.0,25.0,300.0,30.0,0.0,0.0,250.0,50.0,20.0,20.0,30.0,20.0,100.0,5.0,0.0,Submit,not defined,not defined,not defined,old,8.4,1667655789688.0,,,,
ebad2554-45e3-409f-9174-8ccedce68048,2022-11-04 14:22:59,15.0,0.0,25.0,0.0,0.0,0.0,0.0,10.0,0.0,0.0,0.0,0.0,5.0,0.0,0.0,0.0,Submit,not defined,not defined,not defined,old,12.1,1667571780397.0,,,,
ebad2554-45e3-409f-9174-8ccedce68048,2022-11-04 14:21:31,0.0,0.0,0.0,0.0,0.0,0.0,0.0,0.0,0.0,0.0,0.0,0.0,0.0,0.0,0.0,0.0,Begin,undefined,undefined,undefined,old,0.0,1667571691897.0,,,,
2cf92c52-267a-427e-971a-a325ebca7b4a,2022-11-04 19:28:19,0.0,0.0,0.0,0.0,0.0,0.0,0.0,0.0,0.0,0.0,0.0,0.0,0.0,0.0,0.0,0.0,Begin,undefined,undefined,undefined,old,0.0,1667590098849.0,,,,
2cf92c52-267a-427e-971a-a325ebca7b4a,2022-11-04 19:32:18,400.0,0.0,50.0,700.0,0.0,0.0,0.0,50.0,0.0,50.0,30.0,0.0,40.0,0.0,40.0,0.0,Submit,not defined,not defined,not defined,old,10.1,1667590338232.0,,,,
06c12cfa-3454-4403-916d-616cc7ef2115,2022-11-04 16:29:43,0.0,0.0,0.0,0.0,0.0,0.0,0.0,0.0,0.0,0.0,0.0,0.0,0.0,0.0,0.0,0.0,Begin,undefined,undefined,undefined,old,0.0,1667579382940.0,,,,
06c12cfa-3454-4403-916d-616cc7ef2115,2022-11-04 16:31:26,10.0,0.0,0.0,0.0,0.0,0.0,0.0,10.0,0.0,20.0,5.0,0.0,5.0,0.0,0.0,0.0,Submit,not defined,not defined,not defined,old,6.3,1667579486339.0,,,,
7edcd733-095c-4cde-b2c2-0e1542237e44,2022-11-05 19:09:30,0.0,0.0,0.0,0.0,0.0,0.0,0.0,0.0,0.0,0.0,0.0,0.0,0.0,0.0,0.0,0.0,Begin,undefined,undefined,undefined,old,0.0,1667675370223.0,,,,
7edcd733-095c-4cde-b2c2-0e1542237e44,2022-11-05 19:09:26,0.0,0.0,0.0,0.0,0.0,0.0,0.0,0.0,0.0,0.0,0.0,0.0,0.0,0.0,0.0,0.0,Begin,undefined,undefined,undefined,old,0.0,1667675365621.0,,,,
7edcd733-095c-4cde-b2c2-0e1542237e44,2022-11-05 19:07:41,200.0,0.0,0.0,0.0,0.0,0.0,50.0,0.0,0.0,20.0,10.0,100.0,10.0,25.0,0.0,0.0,Submit,not defined,not defined,not defined,old,11.1,1667675260416.0,,,,
7edcd733-095c-4cde-b2c2-0e1542237e44,2022-11-05 19:09:10,0.0,0.0,0.0,0.0,0.0,0.0,0.0,0.0,0.0,0.0,0.0,0.0,0.0,0.0,0.0,0.0,Begin,undefined,undefined,undefined,old,0.0,1667675349862.0,,,,
7edcd733-095c-4cde-b2c2-0e1542237e44,2022-11-05 19:04:06,0.0,0.0,0.0,0.0,0.0,0.0,0.0,0.0,0.0,0.0,0.0,0.0,0.0,0.0,0.0,0.0,Begin,undefined,undefined,undefined,old,0.0,1667675045452.0,,,,
7edcd733-095c-4cde-b2c2-0e1542237e44,2022-11-05 19:08:13,200.0,0.0,0.0,0.0,0.0,0.0,50.0,0.0,0.0,20.0,10.0,100.0,10.0,25.0,0.0,0.0,Submit,not defined,not defined,not defined,old,11.1,1667675292902.0,,,,
3de86f04-0d04-4896-973b-dc5792651d8c,2022-11-04 10:37:13,500.0,20.0,50.0,710.0,0.0,0.0,0.0,50.0,0.0,50.0,30.0,0.0,20.0,0.0,0.0,0.0,Submit,not defined,not defined,not defined,old,9.3,1667558233546.0,,,,
3de86f04-0d04-4896-973b-dc5792651d8c,2022-11-04 10:37:51,500.0,20.0,50.0,710.0,0.0,0.0,0.0,50.0,0.0,50.0,30.0,0.0,20.0,0.0,0.0,0.0,Submit,not defined,not defined,not defined,old,9.2,1667558271856.0,,,,
3de86f04-0d04-4896-973b-dc5792651d8c,2022-11-04 10:38:02,500.0,20.0,50.0,710.0,0.0,0.0,0.0,0.0,0.0,50.0,30.0,0.0,20.0,0.0,0.0,0.0,Submit,not defined,not defined,not defined,old,9.3,1667558282175.0,,,,
3de86f04-0d04-4896-973b-dc5792651d8c,2022-11-04 10:34:44,0.0,0.0,0.0,0.0,0.0,0.0,0.0,0.0,0.0,0.0,0.0,0.0,0.0,0.0,0.0,0.0,Begin,undefined,undefined,undefined,old,0.0,1667558084782.0,,,,
4e05e71a-dea0-4ff5-acb7-88a18c8c8479,2022-11-04 12:23:51,400.0,0.0,40.0,0.0,0.0,0.0,20.0,30.0,10.0,40.0,22.0,5.0,10.0,300.0,0.0,0.0,Submit,not defined,not defined,not defined,old,12.5,1667564630690.0,,,,
4e05e71a-dea0-4ff5-acb7-88a18c8c8479,2022-11-04 12:20:33,0.0,0.0,0.0,0.0,0.0,0.0,0.0,0.0,0.0,0.0,0.0,0.0,0.0,0.0,0.0,0.0,Begin,undefined,undefined,undefined,old,0.0,1667564433334.0,,,,
46cac48f-e12f-406b-be06-265581f07d41,2022-11-05 16:34:41,0.0,0.0,0.0,0.0,0.0,0.0,0.0,0.0,0.0,0.0,0.0,0.0,0.0,0.0,0.0,0.0,Begin,undefined,undefined,undefined,old,0.0,1667666085273.0,,,,
46cac48f-e12f-406b-be06-265581f07d41,2022-11-05 16:35:50,300.0,0.0,50.0,500.0,100.0,50.0,0.0,30.0,0.0,0.0,0.0,0.0,0.0,0.0,0.0,0.0,Submit,not defined,not defined,not defined,old,11.5,1667666153447.0,,,,
77da53ef-a295-4e96-9f39-b6bea4da3ff1,2022-11-04 09:57:16,0.0,0.0,0.0,0.0,0.0,0.0,0.0,0.0,0.0,0.0,0.0,0.0,0.0,0.0,0.0,0.0,Begin,undefined,undefined,undefined,old,0.0,1667555834824.0,,,,
fc8f59c6-56be-4922-b495-91ba1761934b,2022-11-04 14:05:14,150.0,40.0,30.0,420.0,0.0,50.0,0.0,0.0,0.0,0.0,0.0,0.0,0.0,0.0,0.0,0.0,Submit,not defined,not defined,not defined,old,8.7,1667570714057.0,,,,
fc8f59c6-56be-4922-b495-91ba1761934b,2022-11-04 14:08:01,0.0,0.0,0.0,0.0,0.0,0.0,0.0,0.0,0.0,0.0,0.0,0.0,0.0,0.0,0.0,0.0,Begin,undefined,undefined,undefined,old,0.0,1667570880717.0,,,,
fc8f59c6-56be-4922-b495-91ba1761934b,2022-11-04 14:06:06,150.0,40.0,30.0,420.0,50.0,50.0,20.0,50.0,80.0,110.0,20.0,50.0,30.0,100.0,0.0,0.0,Submit,not defined,not defined,not defined,old,9.6,1667570766243.0,,,,
fc8f59c6-56be-4922-b495-91ba1761934b,2022-11-04 14:07:50,0.0,0.0,0.0,0.0,0.0,0.0,0.0,0.0,0.0,0.0,0.0,0.0,0.0,0.0,0.0,0.0,Begin,undefined,undefined,undefined,old,0.0,1667570870116.0,,,,
fc8f59c6-56be-4922-b495-91ba1761934b,2022-11-04 13:49:02,0.0,0.0,0.0,0.0,0.0,0.0,0.0,0.0,0.0,0.0,0.0,0.0,0.0,0.0,0.0,0.0,Begin,undefined,undefined,undefined,old,0.0,1667569741658.0,,,,
fc8f59c6-56be-4922-b495-91ba1761934b,2022-11-04 14:15:38,0.0,0.0,0.0,0.0,0.0,0.0,0.0,0.0,0.0,0.0,0.0,0.0,0.0,0.0,0.0,0.0,Begin,undefined,undefined,undefined,old,0.0,1667571338399.0,,,,
fc8f59c6-56be-4922-b495-91ba1761934b,2022-11-04 14:07:20,0.0,0.0,0.0,0.0,0.0,0.0,0.0,0.0,0.0,0.0,0.0,0.0,0.0,0.0,0.0,0.0,Begin,undefined,undefined,undefined,old,0.0,1667570840254.0,,,,
11bd2a0d-dd24-439b-9821-834943300bf7,2022-11-04 10:05:14,250.0,0.0,150.0,950.0,0.0,125.0,84.0,100.0,0.0,100.0,50.0,50.0,20.0,50.0,0.0,0.0,Submit,not defined,not defined,not defined,old,8.0,1667556314472.0,,,,
11bd2a0d-dd24-439b-9821-834943300bf7,2022-11-04 10:05:06,250.0,0.0,150.0,950.0,0.0,125.0,84.0,100.0,0.0,100.0,50.0,50.0,20.0,50.0,0.0,0.0,Submit,not defined,not defined,not defined,old,8.0,1667556306259.0,,,,
11bd2a0d-dd24-439b-9821-834943300bf7,2022-11-04 10:02:58,0.0,0.0,0.0,0.0,0.0,0.0,0.0,0.0,0.0,0.0,0.0,0.0,0.0,0.0,0.0,0.0,Begin,undefined,undefined,undefined,old,0.0,1667556178039.0,,,,
36159fe6-ad0f-49a1-bc1f-d9673f13e08d,2022-11-04 10:44:04,0.0,0.0,0.0,0.0,0.0,0.0,0.0,0.0,0.0,0.0,0.0,0.0,0.0,0.0,0.0,0.0,Begin,undefined,undefined,undefined,old,0.0,1667558643970.0,,,,
36159fe6-ad0f-49a1-bc1f-d9673f13e08d,2022-11-04 10:45:18,400.0,0.0,0.0,0.0,0.0,450.0,0.0,100.0,0.0,0.0,0.0,0.0,0.0,0.0,0.0,0.0,Submit,not defined,not defined,not defined,old,20.0,1667558718559.0,,,,
e7eb275b-d353-4773-8a2d-5d43797d8a53,2022-11-05 06:34:32,0.0,0.0,0.0,0.0,0.0,0.0,0.0,0.0,0.0,0.0,0.0,0.0,0.0,0.0,0.0,0.0,Begin,undefined,undefined,undefined,old,0.0,1667630072505.0,,,,
e7eb275b-d353-4773-8a2d-5d43797d8a53,2022-11-05 06:42:19,20.0,10.0,0.0,42.0,0.0,0.0,50.0,20.0,0.0,15.0,5.0,3.0,4.0,5.0,0.0,0.0,Submit,not defined,not defined,not defined,old,5.7,1667630539635.0,,,,
7ab65022-2bf8-4e38-8322-5b66ffe80c89,2022-11-04 15:51:08,0.0,0.0,0.0,0.0,0.0,0.0,0.0,0.0,0.0,0.0,0.0,0.0,0.0,0.0,0.0,0.0,Begin,undefined,undefined,undefined,old,0.0,1667577068503.0,,,,
7ab65022-2bf8-4e38-8322-5b66ffe80c89,2022-11-04 16:09:00,300.0,80.0,60.0,400.0,0.0,40.0,40.0,50.0,25.0,15.0,30.0,0.0,10.0,10.0,20.0,0.0,Submit,not defined,not defined,not defined,old,9.9,1667578140313.0,,,,
3d2e5a3e-0608-4965-a82d-2014395a9044,2022-11-04 10:08:55,0.0,0.0,0.0,0.0,0.0,0.0,0.0,0.0,0.0,0.0,0.0,0.0,0.0,0.0,0.0,0.0,Begin,undefined,undefined,undefined,old,0.0,1667556534744.0,,,,
3d2e5a3e-0608-4965-a82d-2014395a9044,2022-11-04 10:12:09,800.0,0.0,50.0,950.0,299.0,180.0,0.0,40.0,0.0,50.0,200.0,0.0,10.0,1.0,0.0,0.0,Submit,not defined,not defined,not defined,old,12.5,1667556728875.0,,,,
2a3008f7-3ef0-4b50-a481-51701135df8a,2022-11-06 09:56:44,100.0,20.0,0.0,571.0,30.0,100.0,0.0,27.0,20.0,20.0,20.0,20.0,20.0,20.0,0.0,0.0,Submit,not defined,not defined,not defined,old,12.0,1667728712668.0,,,,
2a3008f7-3ef0-4b50-a481-51701135df8a,2022-11-06 09:56:48,100.0,20.0,0.0,571.0,30.0,100.0,0.0,27.0,20.0,20.0,20.0,20.0,20.0,20.0,0.0,0.0,Submit,not defined,not defined,not defined,old,12.0,1667728717084.0,,,,
2a3008f7-3ef0-4b50-a481-51701135df8a,2022-11-06 09:55:01,0.0,0.0,0.0,0.0,0.0,0.0,0.0,0.0,0.0,0.0,0.0,0.0,0.0,0.0,0.0,0.0,Begin,undefined,undefined,undefined,old,0.0,1667728610089.0,,,,
929c7d91-6e38-466c-a9da-b49d594d6c5d,2022-11-04 14:39:18,160.0,0.0,0.0,247.0,0.0,170.0,128.0,75.0,0.0,0.0,53.0,0.0,0.0,0.0,0.0,0.0,Submit,not defined,not defined,not defined,old,18.1,1667572758546.0,,,,
929c7d91-6e38-466c-a9da-b49d594d6c5d,2022-11-04 14:35:33,0.0,0.0,0.0,0.0,0.0,0.0,0.0,0.0,0.0,0.0,0.0,0.0,0.0,0.0,0.0,0.0,Begin,undefined,undefined,undefined,old,0.0,1667572532973.0,,,,
929c7d91-6e38-466c-a9da-b49d594d6c5d,2022-11-04 14:37:31,0.0,0.0,0.0,0.0,0.0,0.0,0.0,0.0,0.0,0.0,0.0,0.0,0.0,0.0,0.0,0.0,Begin,undefined,undefined,undefined,old,0.0,1667572651677.0,,,,
eda87440-70d8-4dad-bd87-9e5c18e1132c,2022-11-04 17:10:21,0.0,0.0,0.0,0.0,0.0,0.0,0.0,0.0,0.0,0.0,0.0,0.0,0.0,0.0,0.0,0.0,Begin,undefined,undefined,undefined,old,0.0,1667581821000.0,,,,
eda87440-70d8-4dad-bd87-9e5c18e1132c,2022-11-04 17:13:49,0.0,0.0,0.0,0.0,0.0,0.0,0.0,0.0,0.0,0.0,0.0,0.0,0.0,0.0,0.0,0.0,Begin,undefined,undefined,undefined,old,0.0,1667582029591.0,,,,
eda87440-70d8-4dad-bd87-9e5c18e1132c,2022-11-04 17:12:59,200.0,20.0,30.0,300.0,0.0,0.0,10.0,100.0,100.0,25.0,25.0,0.0,10.0,50.0,0.0,0.0,Submit,not defined,not defined,not defined,old,14.4,1667581979372.0,,,,
eda87440-70d8-4dad-bd87-9e5c18e1132c,2022-11-04 17:13:46,0.0,0.0,0.0,0.0,0.0,0.0,0.0,0.0,0.0,0.0,0.0,0.0,0.0,0.0,0.0,0.0,Begin,undefined,undefined,undefined,old,0.0,1667582026339.0,,,,
114e961b-b32c-4eab-a045-d54357956012,2022-11-06 08:41:24,350.0,10.0,70.0,290.0,0.0,50.0,0.0,30.0,0.0,20.0,20.0,5.0,10.0,10.0,25.0,0.0,Submit,not defined,not defined,not defined,old,18.2,1667724090395.0,,,,
114e961b-b32c-4eab-a045-d54357956012,2022-11-06 08:35:24,0.0,0.0,0.0,0.0,0.0,0.0,0.0,0.0,0.0,0.0,0.0,0.0,0.0,0.0,0.0,0.0,Begin,undefined,undefined,undefined,old,0.0,1667723730425.0,,,,
01e071bb-f94b-45f2-a281-a8ce4302d5a6,2022-11-05 23:15:56,50.0,15.0,0.0,500.0,0.0,140.0,15.0,10.0,0.0,5.0,60.0,10.0,40.0,15.0,100.0,0.0,Submit,not defined,not defined,not defined,old,11.5,1667690156507.0,,,,
01e071bb-f94b-45f2-a281-a8ce4302d5a6,2022-11-05 23:11:02,0.0,0.0,0.0,0.0,0.0,0.0,0.0,0.0,0.0,0.0,0.0,0.0,0.0,0.0,0.0,0.0,Begin,undefined,undefined,undefined,old,0.0,1667689862118.0,,,,
52c90eac-bc4a-4e22-b749-c3cfd5d43dc6,2022-11-04 10:38:15,0.0,0.0,0.0,0.0,0.0,0.0,0.0,0.0,0.0,0.0,0.0,0.0,0.0,0.0,0.0,0.0,Begin,undefined,undefined,undefined,old,0.0,1667558295168.0,,,,
bb97db7b-50b5-4d79-a12e-abe098ba8860,2022-11-05 20:44:39,0.0,0.0,0.0,0.0,0.0,0.0,0.0,0.0,0.0,0.0,0.0,0.0,0.0,0.0,0.0,0.0,Submit,not defined,not defined,not defined,old,6.2,1667681078708.0,,,,
bb97db7b-50b5-4d79-a12e-abe098ba8860,2022-11-05 20:44:21,0.0,0.0,0.0,0.0,0.0,0.0,0.0,0.0,0.0,0.0,0.0,0.0,0.0,0.0,0.0,0.0,Begin,undefined,undefined,undefined,old,0.0,1667681060508.0,,,,
a834ce74-56fa-4645-9965-f420d186d618,2022-11-04 15:26:59,50.0,10.0,50.0,0.0,0.0,0.0,0.0,50.0,0.0,50.0,0.0,0.0,20.0,30.0,0.0,0.0,Submit,not defined,not defined,not defined,old,9.1,1667575615375.0,,,,
a834ce74-56fa-4645-9965-f420d186d618,2022-11-04 15:25:12,0.0,0.0,0.0,0.0,0.0,0.0,0.0,0.0,0.0,0.0,0.0,0.0,0.0,0.0,0.0,0.0,Begin,undefined,undefined,undefined,old,0.0,1667575512718.0,,,,
1b6377ea-8018-4316-9463-fb4cd2c70748,2022-11-05 11:45:23,200.0,200.0,100.0,400.0,0.0,100.0,0.0,50.0,0.0,100.0,50.0,0.0,100.0,50.0,50.0,0.0,Submit,not defined,not defined,not defined,old,11.1,1667648722868.0,,,,
1b6377ea-8018-4316-9463-fb4cd2c70748,2022-11-05 11:43:23,0.0,0.0,0.0,0.0,0.0,0.0,0.0,0.0,0.0,0.0,0.0,0.0,0.0,0.0,0.0,0.0,Begin,undefined,undefined,undefined,old,0.0,1667648603448.0,,,,
9e46e522-fc00-47f8-9098-10af48accccf,2022-11-04 10:21:07,0.0,0.0,0.0,0.0,0.0,0.0,0.0,0.0,0.0,0.0,0.0,0.0,0.0,0.0,0.0,0.0,Begin,undefined,undefined,undefined,old,0.0,1667557265938.0,,,,
9e46e522-fc00-47f8-9098-10af48accccf,2022-11-04 10:24:42,0.0,0.0,0.0,0.0,0.0,0.0,0.0,0.0,0.0,0.0,0.0,0.0,0.0,0.0,0.0,0.0,Submit,not defined,not defined,not defined,old,6.2,1667557483746.0,,,,
dab5dc8f-50cf-47e6-bc66-188b04f804b8,2022-11-04 22:16:50,200.0,5.0,50.0,180.0,0.0,25.0,0.0,0.0,0.0,0.0,0.0,0.0,0.0,0.0,0.0,0.0,Submit,not defined,not defined,not defined,old,14.9,1667600210048.0,,,,
dab5dc8f-50cf-47e6-bc66-188b04f804b8,2022-11-04 22:16:59,200.0,5.0,50.0,180.0,0.0,25.0,0.0,0.0,0.0,0.0,0.0,0.0,0.0,0.0,0.0,0.0,Submit,not defined,not defined,not defined,old,14.9,1667600219143.0,,,,
dab5dc8f-50cf-47e6-bc66-188b04f804b8,2022-11-04 22:15:02,0.0,0.0,0.0,0.0,0.0,0.0,0.0,0.0,0.0,0.0,0.0,0.0,0.0,0.0,0.0,0.0,Begin,undefined,undefined,undefined,old,0.0,1667600101445.0,,,,
93b5a7ff-812b-4e16-94e4-e0df9f8d6131,2022-11-05 09:57:44,400.0,150.0,50.0,0.0,0.0,0.0,0.0,100.0,0.0,50.0,50.0,0.0,25.0,0.0,200.0,0.0,Submit,not defined,not defined,not defined,old,20.0,1667642264550.0,,,,
93b5a7ff-812b-4e16-94e4-e0df9f8d6131,2022-11-05 09:54:13,0.0,0.0,0.0,0.0,0.0,0.0,0.0,0.0,0.0,0.0,0.0,0.0,0.0,0.0,0.0,0.0,Begin,undefined,undefined,undefined,old,0.0,1667642053711.0,,,,
a4d30b59-643b-44f7-bf15-71bb13c89e53,2022-11-04 12:47:27,150.0,3.0,28.0,199.0,0.0,24.0,48.0,0.0,0.0,0.0,0.0,0.0,0.0,0.0,0.0,0.0,Submit,not defined,not defined,not defined,old,9.5,1667566046307.0,,,,
a4d30b59-643b-44f7-bf15-71bb13c89e53,2022-11-04 13:01:50,150.0,3.0,28.0,199.0,0.0,24.0,48.0,22.0,0.0,27.0,3.0,15.0,14.0,30.0,0.0,0.0,Submit,not defined,not defined,not defined,old,9.1,1667566908813.0,,,,
a4d30b59-643b-44f7-bf15-71bb13c89e53,2022-11-04 12:49:49,150.0,3.0,28.0,199.0,0.0,24.0,48.0,22.0,0.0,27.0,0.0,0.0,0.0,0.0,0.0,0.0,Submit,not defined,not defined,not defined,old,9.3,1667566188437.0,,,,
a4d30b59-643b-44f7-bf15-71bb13c89e53,2022-11-04 12:31:25,0.0,0.0,0.0,0.0,0.0,0.0,0.0,0.0,0.0,0.0,0.0,0.0,0.0,0.0,0.0,0.0,Begin,undefined,undefined,undefined,old,0.0,1667565084743.0,,,,
c2fd0c5b-d6cd-4938-8554-0b47988a7f61,2022-11-04 09:58:52,0.0,0.0,0.0,0.0,0.0,0.0,0.0,0.0,0.0,0.0,0.0,0.0,0.0,0.0,0.0,0.0,Begin,undefined,undefined,undefined,old,0.0,1667555897928.0,,,,
c2fd0c5b-d6cd-4938-8554-0b47988a7f61,2022-11-04 09:59:16,0.0,0.0,0.0,0.0,0.0,0.0,0.0,0.0,0.0,0.0,0.0,0.0,0.0,0.0,0.0,0.0,Submit,not defined,not defined,not defined,old,6.2,1667555922348.0,,,,
feae506f-8ff0-4a92-aaf8-c907aa11e1f0,2022-11-04 13:28:04,0.0,0.0,0.0,0.0,0.0,0.0,0.0,0.0,0.0,0.0,0.0,0.0,0.0,0.0,0.0,0.0,Begin,undefined,undefined,undefined,old,0.0,1667568484182.0,,,,
feae506f-8ff0-4a92-aaf8-c907aa11e1f0,2022-11-04 13:31:55,250.0,5.0,15.0,650.0,0.0,80.0,0.0,0.0,0.0,30.0,60.0,15.0,25.0,35.0,80.0,0.0,Submit,not defined,not defined,not defined,old,9.6,1667568715125.0,,,,
175f426d-114c-41f1-83bd-9d7f0cf7aded,2022-11-04 18:57:35,0.0,0.0,0.0,0.0,0.0,0.0,0.0,0.0,0.0,0.0,0.0,0.0,0.0,0.0,0.0,0.0,Begin,undefined,undefined,undefined,old,0.0,1667588254874.0,,,,
175f426d-114c-41f1-83bd-9d7f0cf7aded,2022-11-04 18:59:44,100.0,0.0,80.0,290.0,0.0,80.0,0.0,50.0,50.0,0.0,0.0,0.0,0.0,0.0,0.0,0.0,Submit,not defined,not defined,not defined,old,14.7,1667588383341.0,,,,
3ad5f780-8d52-4418-b38e-ba468bbf8d3f,2022-11-05 21:57:07,150.0,5.0,0.0,400.0,0.0,0.0,0.0,0.0,0.0,10.0,0.0,0.0,5.0,0.0,0.0,0.0,Submit,not defined,not defined,not defined,old,15.8,1667685425831.0,,,,
3ad5f780-8d52-4418-b38e-ba468bbf8d3f,2022-11-05 21:55:53,150.0,5.0,0.0,400.0,0.0,0.0,0.0,0.0,0.0,0.0,0.0,0.0,0.0,0.0,0.0,0.0,Submit,not defined,not defined,not defined,old,15.9,1667685351800.0,,,,
3ad5f780-8d52-4418-b38e-ba468bbf8d3f,2022-11-05 21:53:19,0.0,0.0,0.0,0.0,0.0,0.0,0.0,0.0,0.0,0.0,0.0,0.0,0.0,0.0,0.0,0.0,Begin,undefined,undefined,undefined,old,0.0,1667685198336.0,,,,
af0bdadb-bc41-46eb-bbb0-dbfaa9db5b48,2022-11-04 15:47:04,0.0,0.0,0.0,0.0,0.0,0.0,0.0,0.0,0.0,0.0,0.0,0.0,0.0,0.0,0.0,0.0,Begin,undefined,undefined,undefined,old,0.0,1667576825735.0,,,,
af0bdadb-bc41-46eb-bbb0-dbfaa9db5b48,2022-11-04 15:50:23,500.0,0.0,0.0,750.0,0.0,150.0,50.0,0.0,0.0,0.0,100.0,0.0,50.0,50.0,0.0,0.0,Submit,not defined,not defined,not defined,old,13.8,1667577024181.0,,,,
f7f29ea9-f3ee-4402-ad2b-71f88c8aafb3,2022-11-05 11:16:57,250.0,0.0,0.0,0.0,0.0,0.0,0.0,40.0,0.0,25.0,25.0,0.0,20.0,0.0,0.0,0.0,Submit,not defined,not defined,not defined,old,35.2,1667647016424.0,,,,
f7f29ea9-f3ee-4402-ad2b-71f88c8aafb3,2022-11-05 11:09:47,0.0,0.0,0.0,0.0,0.0,0.0,0.0,0.0,0.0,0.0,0.0,0.0,0.0,0.0,0.0,0.0,Begin,undefined,undefined,undefined,old,0.0,1667646586799.0,,,,
f7f29ea9-f3ee-4402-ad2b-71f88c8aafb3,2022-11-05 11:18:38,250.0,0.0,0.0,0.0,0.0,0.0,0.0,40.0,0.0,25.0,25.0,0.0,20.0,0.0,0.0,0.0,Submit,not defined,not defined,not defined,old,35.2,1667647117843.0,,,,
f7f29ea9-f3ee-4402-ad2b-71f88c8aafb3,2022-11-05 11:17:47,0.0,0.0,0.0,0.0,0.0,0.0,0.0,0.0,0.0,0.0,0.0,0.0,0.0,0.0,0.0,0.0,Begin,undefined,undefined,undefined,old,0.0,1667647066682.0,,,,
f7f29ea9-f3ee-4402-ad2b-71f88c8aafb3,2022-11-05 11:13:48,250.0,0.0,0.0,0.0,0.0,0.0,0.0,40.0,0.0,25.0,25.0,0.0,20.0,0.0,0.0,0.0,Submit,not defined,not defined,not defined,old,35.2,1667646827119.0,,,,
bc19d0bf-b905-4cee-9c2f-1c0ba690ad9e,2022-11-04 12:01:15,0.0,0.0,0.0,0.0,0.0,0.0,0.0,0.0,0.0,0.0,0.0,0.0,0.0,0.0,0.0,0.0,Begin,undefined,undefined,undefined,old,0.0,1667563275270.0,,,,
bc19d0bf-b905-4cee-9c2f-1c0ba690ad9e,2022-11-04 12:05:31,150.0,0.0,0.0,360.0,0.0,0.0,0.0,0.0,0.0,5.0,15.0,0.0,5.0,0.0,0.0,0.0,Submit,not defined,not defined,not defined,old,8.5,1667563531712.0,,,,
d763297b-d85a-43a5-9b19-c60840476409,2022-11-04 12:15:20,20.0,0.0,0.0,0.0,0.0,0.0,75.0,25.0,0.0,30.0,10.0,0.0,5.0,0.0,0.0,0.0,Submit,not defined,not defined,not defined,old,5.6,1667564118413.0,,,,
d763297b-d85a-43a5-9b19-c60840476409,2022-11-04 12:10:40,0.0,0.0,0.0,0.0,0.0,0.0,0.0,0.0,0.0,0.0,0.0,0.0,0.0,0.0,0.0,0.0,Begin,undefined,undefined,undefined,old,0.0,1667563839138.0,,,,
11d397d7-dead-4178-85db-d6f0b3dc12fd,2022-11-04 10:55:19,100.0,15.0,60.0,550.0,0.0,170.0,60.0,20.0,0.0,40.0,7.0,0.0,15.0,30.0,0.0,0.0,Submit,not defined,not defined,not defined,old,14.1,1667559318606.0,,,,
11d397d7-dead-4178-85db-d6f0b3dc12fd,2022-11-04 10:50:16,0.0,0.0,0.0,0.0,0.0,0.0,0.0,0.0,0.0,0.0,0.0,0.0,0.0,0.0,0.0,0.0,Begin,undefined,undefined,undefined,old,0.0,1667559016796.0,,,,
0f88bee3-e3f7-4931-abca-d6025e1d0cae,2022-11-04 15:26:06,0.0,0.0,0.0,0.0,0.0,0.0,0.0,0.0,0.0,0.0,0.0,0.0,0.0,0.0,0.0,0.0,Begin,undefined,undefined,undefined,old,0.0,1667575565149.0,,,,
0f88bee3-e3f7-4931-abca-d6025e1d0cae,2022-11-04 15:21:34,0.0,0.0,0.0,0.0,0.0,0.0,0.0,0.0,0.0,0.0,0.0,0.0,0.0,0.0,0.0,0.0,Begin,undefined,undefined,undefined,old,0.0,1667575293020.0,,,,
0f88bee3-e3f7-4931-abca-d6025e1d0cae,2022-11-04 15:24:40,50.0,0.0,0.0,0.0,0.0,0.0,9.0,0.0,0.0,0.0,10.0,0.0,9.0,10.0,0.0,0.0,Submit,not defined,not defined,not defined,old,8.1,1667575479857.0,,,,
0f88bee3-e3f7-4931-abca-d6025e1d0cae,2022-11-04 15:26:14,0.0,0.0,0.0,0.0,0.0,0.0,0.0,0.0,0.0,0.0,0.0,0.0,0.0,0.0,0.0,0.0,Begin,undefined,undefined,undefined,old,0.0,1667575573336.0,,,,
0f88bee3-e3f7-4931-abca-d6025e1d0cae,2022-11-04 15:26:19,0.0,0.0,0.0,0.0,0.0,0.0,0.0,0.0,0.0,0.0,0.0,0.0,0.0,0.0,0.0,0.0,Begin,undefined,undefined,undefined,old,0.0,1667575578610.0,,,,
0f88bee3-e3f7-4931-abca-d6025e1d0cae,2022-11-04 15:28:06,150.0,0.0,0.0,0.0,0.0,0.0,0.0,0.0,0.0,0.0,0.0,0.0,0.0,0.0,0.0,0.0,Submit,not defined,not defined,not defined,old,7.4,1667575685110.0,,,,
a35fc01f-d02f-4bae-a7c1-887723b2ca0c,2022-11-04 19:35:30,0.0,0.0,0.0,0.0,0.0,0.0,0.0,0.0,0.0,0.0,0.0,0.0,0.0,0.0,0.0,0.0,Begin,undefined,undefined,undefined,old,0.0,1667590532070.0,,,,
a35fc01f-d02f-4bae-a7c1-887723b2ca0c,2022-11-04 19:38:38,120.0,0.0,50.0,400.0,0.0,0.0,20.0,50.0,0.0,20.0,30.0,10.0,20.0,10.0,0.0,0.0,Submit,not defined,not defined,not defined,old,8.0,1667590720412.0,,,,
0e401154-cb55-40c6-bb1e-7393f8fefafe,2022-11-06 01:39:45,250.0,0.0,0.0,600.0,0.0,20.0,0.0,25.0,0.0,10.0,10.0,50.0,10.0,10.0,0.0,0.0,Submit,not defined,not defined,not defined,old,8.1,1667698785236.0,,,,
0e401154-cb55-40c6-bb1e-7393f8fefafe,2022-11-06 01:36:27,0.0,0.0,0.0,0.0,0.0,0.0,0.0,0.0,0.0,0.0,0.0,0.0,0.0,0.0,0.0,0.0,Begin,undefined,undefined,undefined,old,0.0,1667698588050.0,,,,
77cfbd77-c973-4aa3-a940-56eea0e14b09,2022-11-04 10:39:32,230.0,0.0,0.0,500.0,0.0,75.0,0.0,100.0,100.0,50.0,13.0,0.0,5.0,5.0,0.0,0.0,Submit,not defined,not defined,not defined,old,10.1,1667558371813.0,,,,
77cfbd77-c973-4aa3-a940-56eea0e14b09,2022-11-04 10:38:13,0.0,0.0,0.0,0.0,0.0,0.0,0.0,0.0,0.0,0.0,0.0,0.0,0.0,0.0,0.0,0.0,Begin,undefined,undefined,undefined,old,0.0,1667558292882.0,,,,
bfac5990-bf82-4049-a0c5-a17b7e9a5630,2022-11-06 17:12:26,120.0,0.0,40.0,240.0,0.0,0.0,44.0,50.0,0.0,20.0,40.0,5.0,5.0,5.0,0.0,0.0,Submit,not defined,not defined,not defined,old,15.8,1667754747392.0,,,,
bfac5990-bf82-4049-a0c5-a17b7e9a5630,2022-11-06 17:10:14,0.0,0.0,0.0,0.0,0.0,0.0,0.0,0.0,0.0,0.0,0.0,0.0,0.0,0.0,0.0,0.0,Begin,undefined,undefined,undefined,old,0.0,1667754616222.0,,,,
b1ab30b0-1e6e-4175-97c4-f279f149a782,2022-11-06 06:21:09,0.0,0.0,0.0,0.0,0.0,0.0,0.0,0.0,0.0,0.0,0.0,0.0,0.0,0.0,0.0,0.0,Begin,undefined,undefined,undefined,old,0.0,1667715671358.0,,,,
b1ab30b0-1e6e-4175-97c4-f279f149a782,2022-11-06 06:26:00,230.0,10.0,20.0,0.0,0.0,320.0,0.0,30.0,0.0,20.0,60.0,0.0,10.0,10.0,300.0,0.0,Submit,not defined,not defined,not defined,old,24.4,1667715962400.0,,,,
8ce00f43-1157-4358-a54c-070afdbf26b1,2022-11-04 10:01:11,120.0,20.0,20.0,300.0,0.0,0.0,5.0,100.0,0.0,10.0,20.0,30.0,10.0,10.0,0.0,0.0,Submit,not defined,not defined,not defined,old,11.6,1667556069566.0,,,,
8ce00f43-1157-4358-a54c-070afdbf26b1,2022-11-04 09:56:13,0.0,0.0,0.0,0.0,0.0,0.0,0.0,0.0,0.0,0.0,0.0,0.0,0.0,0.0,0.0,0.0,Begin,undefined,undefined,undefined,old,0.0,1667555772237.0,,,,
fb5d6099-c673-4959-b655-f2b7a4378736,2022-11-05 20:11:12,0.0,0.0,0.0,0.0,0.0,0.0,0.0,0.0,0.0,0.0,0.0,0.0,0.0,0.0,0.0,0.0,Begin,undefined,undefined,undefined,old,0.0,1667679070335.0,,,,
fb5d6099-c673-4959-b655-f2b7a4378736,2022-11-05 20:16:54,400.0,50.0,100.0,300.0,0.0,100.0,0.0,100.0,0.0,70.0,80.0,0.0,0.0,0.0,0.0,0.0,Submit,not defined,not defined,not defined,old,12.8,1667679412826.0,,,,
fb5d6099-c673-4959-b655-f2b7a4378736,2022-11-05 20:16:10,400.0,50.0,100.0,300.0,0.0,100.0,0.0,100.0,0.0,70.0,80.0,0.0,0.0,0.0,0.0,0.0,Submit,not defined,not defined,not defined,old,12.8,1667679368294.0,,,,
fb5d6099-c673-4959-b655-f2b7a4378736,2022-11-05 20:12:02,0.0,0.0,0.0,0.0,0.0,0.0,0.0,0.0,0.0,0.0,0.0,0.0,0.0,0.0,0.0,0.0,Begin,undefined,undefined,undefined,old,0.0,1667679120611.0,,,,
fb5d6099-c673-4959-b655-f2b7a4378736,2022-11-05 20:18:10,180.0,50.0,100.0,300.0,0.0,100.0,0.0,100.0,0.0,70.0,80.0,0.0,0.0,0.0,0.0,0.0,Submit,not defined,not defined,not defined,old,13.3,1667679488764.0,,,,
9bdb9b63-8cc0-4ddd-8590-441ffac31236,2022-11-04 10:41:12,80.0,10.0,20.0,350.0,0.0,0.0,5.0,10.0,0.0,30.0,15.0,0.0,15.0,5.0,0.0,0.0,Submit,not defined,not defined,not defined,old,8.5,1667558471588.0,,,,
9bdb9b63-8cc0-4ddd-8590-441ffac31236,2022-11-04 10:35:08,0.0,0.0,0.0,0.0,0.0,0.0,0.0,0.0,0.0,0.0,0.0,0.0,0.0,0.0,0.0,0.0,Begin,undefined,undefined,undefined,old,0.0,1667558108312.0,,,,
896f00e0-8c36-4fcb-96e9-722c59132239,2022-11-04 22:37:04,0.0,0.0,0.0,0.0,0.0,0.0,0.0,0.0,0.0,0.0,0.0,0.0,0.0,0.0,0.0,0.0,Begin,undefined,undefined,undefined,old,0.0,1667601424265.0,,,,
